1490.10107,171.23222,537.93457,43.21999,338.08185,140.12219
1490.10181,170.53206,536.27423,44.46617,338.32889,139.56049
1490.01685,172.22186,536.83234,43.48812,339.69952,136.88181
1489.85059,170.03719,538.39172,47.54314,335.97842,148.23610
1490.04370,171.16704,538.39362,43.65507,337.67096,141.60060
1490.71521,169.73869,539.19714,44.43499,338.15686,143.59543
1490.61169,170.32404,539.41571,44.05001,337.88620,143.44791
1489.89722,171.67162,537.91248,44.55857,337.29498,142.16463
1491.72961,171.05794,538.78638,43.47668,337.37213,142.40816
1490.03259,169.91721,538.85260,46.52938,337.59543,145.93202
1491.14160,169.60532,538.05396,46.77283,336.59967,146.61980
1490.42334,168.27541,536.65063,46.31884,336.15588,145.51553
1492.44360,168.68750,536.59412,45.17365,337.74335,142.44144
1490.21289,169.58981,538.51276,45.39015,337.38763,144.68748
1490.23413,168.73096,539.14069,45.65261,337.08984,146.44501
1488.91284,169.49887,539.16919,45.24780,338.70361,143.78055
1491.11414,168.63913,537.78125,43.54267,337.74313,141.97368
1492.72253,168.50282,538.43872,44.56121,336.87296,145.01636
1490.42297,168.23219,538.78119,44.81333,336.68472,145.80299
1491.64587,169.27562,538.42322,44.44065,337.91376,143.26251
1491.22351,168.78165,539.15710,43.59296,339.09442,142.12700
1490.40955,171.76804,537.49268,44.28639,337.95233,140.66039
1491.16284,169.99789,535.57135,44.50095,338.92764,138.46829
1491.13586,169.01660,536.15363,44.74667,338.28836,140.58240
1489.74609,169.62567,538.11694,44.78503,336.19980,144.80133
1489.32056,168.64977,537.95282,44.03471,337.45264,142.84416
1491.13635,170.26680,538.96088,45.11995,337.85062,144.18488
1489.28040,170.22420,536.68207,47.34860,336.62939,145.13133
1491.89746,168.24994,538.44696,42.53724,335.87006,143.95639
1488.63892,169.19661,536.63800,45.71887,337.81534,142.40195
1489.62622,168.76254,537.28198,44.37774,336.85413,143.05446
1492.70972,170.32536,537.45709,44.34513,337.51709,142.05763
1490.68127,168.70160,538.22723,46.37091,336.91272,146.41325
1490.87439,169.34189,538.04840,44.57206,338.85638,141.83078
1490.77710,171.14015,538.19983,46.51597,338.23697,143.93454
1491.24622,168.39674,538.50763,44.87466,336.40601,145.85753
1489.42383,169.61917,539.43488,44.81261,336.39233,146.14233
1490.21680,170.69348,538.42493,44.53527,336.57364,144.02475
1490.12036,169.74763,538.68567,46.51060,338.09958,145.24570
1490.56860,170.56578,538.07465,43.80421,337.27203,142.15112
1488.24939,170.13033,537.76263,45.11996,337.35425,143.10245
1491.34314,171.54556,537.80945,44.99964,339.30936,140.51721
1490.26099,168.63269,538.49585,46.74150,338.18259,145.72060
1491.34753,169.28032,536.80023,43.40093,338.16919,139.92317
1490.10449,169.55179,537.57733,46.24292,335.16486,146.98775
1488.79749,169.13586,537.36823,45.37852,337.15375,143.66144
1489.86377,170.40224,538.09393,44.42936,338.51550,141.50601
1490.50879,169.55350,537.13745,44.03446,336.08823,143.05649
1490.11255,169.37976,538.20209,44.66906,338.24826,142.68787
1490.71545,169.71860,536.79083,44.95144,337.39371,142.16101
1489.94458,171.37080,536.46875,45.68606,336.90488,142.26025
1488.84082,169.21724,538.42059,45.55464,336.29877,145.99773
1489.02271,168.86116,538.40625,44.40054,339.74454,141.15439
1491.27063,170.26015,537.35034,44.96605,336.94415,143.12666
1490.83032,170.34471,539.12280,45.49727,335.81247,146.96292
1489.02551,171.41998,538.13574,45.61047,337.21136,143.69992
1490.94397,168.55458,538.26428,45.18372,337.25015,144.87915
1491.90247,170.76590,539.77576,43.67392,337.59412,143.70123
1489.46338,169.20665,539.40857,45.34188,336.46704,146.80588
1487.82324,169.41977,537.99310,43.91129,336.24472,143.56419
1490.28015,167.53915,537.48267,44.89843,336.84164,144.51143
1491.82410,169.00850,536.95874,44.59103,336.58560,143.29410
1490.13477,170.67033,537.72394,44.87457,338.95367,140.96965
1492.12366,169.73845,537.18225,47.14714,337.11743,145.46216
1489.05103,169.20139,537.69537,44.89300,336.93359,143.75209
1492.38110,171.90926,538.88794,46.10712,336.83124,145.64783
1489.84192,169.70512,536.08728,46.92722,338.08688,142.64484
1490.25891,171.31068,536.04346,46.20977,336.82794,142.47502
1491.42163,169.14122,537.56860,45.41473,337.32437,144.00027
1492.70410,170.01125,538.26453,46.78472,339.82190,143.26988
1491.16553,171.70476,537.02716,45.10811,336.49973,142.69214
1490.25378,171.17261,538.21851,44.56184,336.62033,143.53668
1489.81641,169.57977,539.05676,44.14024,337.85165,143.43274
1491.12976,170.60466,535.47668,45.64977,338.34100,139.94337
1490.34094,170.85922,537.06439,46.58547,336.29776,144.90848
1491.79932,170.97826,538.35596,44.46616,338.48691,141.79814
1491.32739,168.83463,537.36621,45.18263,338.16086,142.72748
1491.82568,170.05034,538.92517,46.80566,338.47046,145.46355
1490.15442,169.21931,538.32446,44.20156,336.71219,144.07994
1490.84961,168.54634,537.40320,43.54730,338.11679,141.14784
1491.17151,169.33684,538.66748,45.07080,338.06253,143.99460
1490.72925,169.86952,537.37317,43.61810,336.33435,142.48486
1490.99829,168.63313,538.08411,45.43581,336.39407,145.85268
1489.29102,168.57390,538.21613,43.39574,336.19540,143.85965
1490.31750,169.09105,536.75653,45.79844,337.05969,143.67119
1489.95776,169.33516,538.89838,45.10660,337.37048,144.94604
1490.72961,169.35352,539.51111,46.48573,335.76938,149.01723
1490.53918,170.29276,538.53973,45.60584,336.62561,145.49442
1489.37085,169.42360,537.11322,44.02426,336.36212,142.67065
1490.71130,170.16306,537.46741,45.51511,337.78320,142.93457
1490.85828,169.82794,538.35919,45.47072,338.70975,143.09401
1491.32483,170.82458,538.19672,44.07594,337.88214,141.87534
1489.17773,168.61211,537.83032,44.31979,337.49680,142.96411
1490.67920,168.22929,538.89069,45.44209,336.67523,146.65627
1489.94043,170.84764,537.14935,45.89283,338.76776,141.48956
1492.02087,170.11671,538.03375,46.62212,336.26105,146.65074
1490.09802,170.46695,537.22473,44.53292,335.79626,143.55173
1491.14465,168.86433,538.46704,45.50573,338.82953,143.60864
1488.68408,169.26750,538.83636,43.35113,337.70639,142.52078
1491.05273,169.88495,538.10327,44.81886,336.55173,144.44107
1489.56067,170.32068,536.92383,46.03527,337.41803,143.07700
1489.86072,169.96898,537.95923,45.11098,336.04071,144.99692
1490.17175,170.46629,539.14099,43.62367,336.61093,143.93976
1488.64148,171.02222,538.49805,45.58435,336.38437,145.15889
1489.69824,170.79713,537.04517,45.33735,336.78845,142.93732
1489.97046,168.50055,538.20435,48.30904,337.64764,147.73251
1489.83057,171.18166,539.39917,44.05189,339.66974,141.02019
1488.45239,170.68796,536.60767,44.55349,337.34149,140.89497
1489.45801,173.07780,537.81580,45.59439,338.74951,140.87352
1488.29285,170.03044,538.66351,45.87676,336.11935,146.39981
1489.63928,171.09111,537.94965,44.82008,337.86041,142.12421
1490.76770,168.74066,536.91364,43.73075,336.88187,142.00827
1489.93433,168.13329,538.68524,45.28771,338.24759,144.49324
1491.75525,169.80161,538.59265,43.34481,337.11060,142.91492
1489.41101,170.19742,538.54468,45.46781,337.46365,144.36261
1490.02148,169.20779,538.75568,44.16800,336.64627,144.61501
1489.05371,169.48074,536.89008,45.85131,336.92700,143.72626
1489.47034,170.15111,537.27850,43.24467,336.88507,141.11880
1489.78308,169.36903,538.18732,44.19615,338.20190,142.18546
1488.82251,170.28830,539.82288,45.23564,337.07376,145.94133
1490.01868,169.48581,539.65863,44.69780,337.64017,145.03629
1488.96960,171.15015,537.47803,45.70145,337.39221,142.94572
1490.37390,170.60951,539.01270,45.03939,337.18231,144.65567
1490.36511,171.66386,538.05420,46.22018,338.51508,142.84642
1489.03052,170.07610,539.31372,43.58585,338.08292,142.58060
1489.58472,169.55753,537.73193,45.24466,338.63159,142.20219
1488.05066,171.46263,536.82263,45.34484,337.25961,141.69220
1491.53442,168.59755,535.81738,44.06789,338.01437,139.98926
1489.75635,168.87746,535.90668,44.92096,337.74915,141.00423
1489.85376,171.27672,537.58716,45.10090,337.60861,142.20833
1491.05896,168.93849,538.34131,44.02611,337.59375,143.16925
1489.06042,170.25169,536.40015,44.33044,336.90231,141.15147
1492.48376,169.95238,536.73499,44.61310,336.70181,142.54189
1490.03796,169.38574,538.05231,44.19347,338.16583,142.07930
1490.06201,170.79187,538.19080,44.42047,335.88901,144.31044
1490.36658,171.21278,538.13538,43.36990,337.14832,141.56374
1489.67297,171.63351,538.81976,42.98864,338.77585,139.94398
1490.61963,171.40648,537.86407,43.06096,336.49814,141.54585
1488.98047,169.07344,538.05231,45.10168,336.48480,144.94492
1491.58691,171.56047,537.60449,44.86932,338.49332,141.04111
1491.38025,170.53365,538.10437,44.63388,339.16724,141.11046
1489.85010,170.20581,537.95770,44.63906,339.69284,140.38171
1491.06274,170.99107,537.38965,44.01932,337.45670,141.21935
1491.01331,169.48279,537.35889,45.95218,337.68903,143.73740
1490.74963,170.69987,538.10992,45.16747,338.22156,142.58525
1489.15442,169.86554,537.03326,45.69538,336.92975,143.54875
1490.61975,169.70891,537.93707,44.48980,336.57401,143.90268
1489.20874,171.02257,538.46234,45.93164,338.27380,143.47200
1491.94153,170.08090,539.17548,45.27507,335.55133,147.30124
1489.74426,168.65085,539.15503,45.84155,337.62317,146.07056
1490.53650,171.00746,538.06256,43.93116,337.31427,142.01654
1488.91626,170.39873,538.00690,44.67561,337.57971,142.59938
1491.63818,170.28218,539.27856,44.76144,337.45578,144.64371
1488.37366,168.65541,537.87549,45.91444,339.53912,142.40846
1488.67407,170.10011,536.27423,45.28400,335.86636,143.21436
1489.98096,170.61194,536.38690,45.50992,336.60269,142.66751
1488.55090,171.65321,540.12347,44.71080,338.11203,143.92661
1490.05200,169.15324,539.75677,44.41168,337.67590,144.96182
1491.56580,169.78867,536.58966,45.70743,337.67987,142.48030
1490.49548,170.13196,537.26257,45.52810,336.68787,143.90558
1491.92700,168.40781,538.12225,45.12069,338.72900,143.18771
1489.42261,170.87810,537.47845,44.08616,338.08932,140.60741
1492.69226,169.55734,536.76111,46.12092,334.99191,146.33253
1490.24329,170.07443,539.60962,45.08234,337.21912,145.60326
1490.11121,170.40924,536.18945,43.17138,336.56409,140.03862
1490.42004,168.09839,536.59705,45.48156,337.55283,143.07483
1490.79724,169.90897,536.82648,44.35372,337.67886,141.16124
1490.22864,172.04890,538.81116,45.19241,337.83899,143.17346
1490.43103,169.57010,537.39502,45.12059,335.91861,144.72047
1490.35596,169.80511,538.17670,45.69997,340.17303,141.48647
1490.27100,168.67233,538.06702,47.08298,336.68295,147.23976
1489.00586,170.18105,537.81342,45.75062,339.08041,142.00302
1491.95300,170.71024,536.77765,45.86271,337.06595,143.14839
1491.55139,171.29649,537.95062,44.44932,337.96448,141.69614
1491.45593,168.92094,540.04474,45.73258,336.77643,147.97139
1490.52454,169.90134,537.44153,45.03488,337.28241,143.03677
1489.17090,171.38298,538.78876,44.77930,337.33908,143.45734
1492.08521,170.55151,537.54572,44.24294,337.88007,141.48975
1489.90735,169.27417,540.26062,47.19202,338.16904,147.96573
1491.21106,169.53387,537.83514,45.70440,337.30725,144.44388
1490.52551,170.52333,537.54791,43.62083,337.61002,140.98088
1490.09106,168.14667,539.64929,43.66920,339.17715,142.88530
1490.46851,171.22078,537.37695,45.02154,336.08423,143.63049
1489.82263,170.03677,538.70746,44.58037,336.58530,144.66502
1489.85400,169.19881,538.08966,43.30207,338.92291,140.42154
1491.78687,169.23003,539.25385,44.71622,337.98788,144.49214
1490.86548,170.34978,538.76410,45.31483,338.98688,142.85472
1491.83020,169.54933,537.00787,45.08999,339.69452,140.23787
1490.79858,170.93668,538.16571,45.19051,336.67285,144.26747
1490.52869,170.91772,538.17810,46.19191,336.26511,145.81592
1490.13940,169.49950,538.33478,46.82262,336.68732,146.85939
1489.71228,170.24356,538.64746,46.37886,337.49988,145.44652
1489.62500,169.98550,538.61145,45.64291,336.16644,146.18097
1491.15027,172.54355,536.68829,43.80588,338.31693,138.49518
1491.25684,170.54128,538.13580,44.86364,337.30139,143.41699
1489.07898,170.31837,537.16376,44.78334,337.52463,141.83536
1489.68433,170.57835,538.58191,44.17337,338.70032,141.50609
1491.47607,170.28613,538.39001,45.50430,337.89514,143.90407
1488.61536,168.88770,538.73639,45.58394,338.61456,143.99005
1491.11182,170.70325,538.09210,45.85536,339.28238,142.17760
1490.62903,169.69579,537.37408,45.64832,336.12009,145.01469
1489.79272,170.53613,537.43604,44.18402,337.16785,141.86142
1488.69470,169.60086,538.17816,45.48396,339.21304,142.24403
1490.15698,170.59088,539.52777,45.05209,338.49808,143.82431
1490.61011,168.42216,537.38550,45.71078,336.52094,145.25476
1492.84021,168.98111,538.65717,45.76122,337.67877,145.48395
1489.27124,170.43486,536.96722,43.72738,337.99637,139.91484
1490.00574,168.46587,537.69183,45.03246,337.84259,143.34370
1491.03052,168.45448,537.63947,45.57500,336.87680,145.03792
1491.06250,169.40213,538.75916,43.80954,337.77884,143.00874
1489.72388,169.24800,538.18915,45.57183,338.04956,143.89111
1490.66797,169.20972,539.07111,43.82571,336.72910,144.58586
1489.96252,169.67024,536.55530,44.45984,338.69495,139.88408
1489.84680,168.17377,537.42322,44.10693,336.81256,143.27098
1489.57593,169.01421,536.79120,45.73849,335.56738,145.25774
1491.02307,169.54491,536.23438,46.45169,336.66537,144.06190
1489.63745,169.68211,537.77655,45.28049,336.26746,144.83215
1491.44873,171.74884,537.20868,45.25888,337.06464,142.45761
1488.85706,170.05142,538.03827,44.83420,337.91287,142.60240
1491.26343,170.12529,537.77844,43.36216,337.58014,141.26524
1489.99866,169.38083,538.80389,43.70768,338.11145,142.49951
1490.44702,170.59995,537.35870,44.14213,338.48322,140.32672
1491.60669,169.48624,537.25098,44.90712,338.17554,141.99574
1491.28113,169.97566,539.87268,43.77380,337.07086,144.80148
1490.10144,168.89336,536.86853,46.69562,337.97375,143.84846
1490.68469,170.79947,538.64496,45.08572,336.59967,144.85255
1490.38818,171.68982,537.90784,46.42236,336.17325,145.47481
1490.70081,168.58493,539.30719,46.10362,337.13156,147.20302
1488.15540,170.83337,538.95862,45.17701,337.63748,143.92303
1490.53552,168.80260,540.38007,45.77829,338.20456,146.80620
1491.84070,171.01923,537.61041,43.74160,337.75937,140.91235
1490.71289,169.60886,537.25238,45.83807,336.93878,144.22562
1489.12927,169.41406,538.62970,45.16095,338.39041,143.45576
1490.08545,170.86159,538.74207,44.94995,336.35715,144.99715
1490.96692,169.96504,538.31024,42.91277,336.83463,142.26239
1488.89673,171.04967,538.83948,45.71078,335.57004,146.61089
1489.47253,169.48582,537.95422,43.59163,337.00668,142.47220
1490.86011,169.04689,539.02966,45.04897,338.13263,144.42638
1489.05103,169.11879,537.85144,43.61662,336.63785,142.91087
1490.38953,168.17290,538.62317,45.17949,336.93948,145.76248
1490.10254,170.10246,537.61194,46.02177,337.97412,143.41685
1491.27271,171.56972,538.03088,44.16595,337.22437,142.13544
1490.72913,170.52350,538.95770,46.78836,335.60406,148.33777
1490.28894,170.50772,538.57550,45.68655,336.78702,145.32164
1490.23840,170.42142,537.02753,44.63797,336.87170,142.29181
1490.52673,167.27019,537.81708,45.13229,337.71231,144.35530
1491.04102,169.47694,537.55530,44.49195,337.87314,142.18663
1490.21960,168.56871,538.26996,45.50909,335.84613,146.70981
1490.52283,169.95398,536.65350,46.42695,337.44131,143.42749
1490.51111,169.15941,537.29865,46.14043,336.93271,144.81192
1490.38000,168.98003,538.19519,46.66691,337.64111,145.73334
1490.43176,169.42612,538.39758,45.37125,337.82837,144.14586
1491.48059,169.37520,537.68207,46.35221,335.35446,147.24139
1489.69263,169.71834,535.84937,43.91256,336.60223,140.68755
1490.26355,169.67653,537.87555,44.63636,338.59897,141.76053
1488.09973,168.59290,538.17932,44.98282,338.28818,143.13283
1489.47839,169.95393,537.39697,45.31558,337.03271,143.43860
1489.40918,171.74989,537.35132,45.12568,336.82892,142.54428
1488.68469,169.71953,538.60168,44.72552,337.05542,144.22348
1490.98022,169.50943,538.39764,47.21130,335.59125,148.66652
1487.75000,171.31995,537.41064,44.35168,336.89319,141.74690
1492.30713,171.09764,537.76642,45.61338,337.47141,143.44885
1490.76245,169.03181,538.41132,44.83069,337.29468,144.37685
1489.92676,170.99907,538.92841,47.87176,336.96152,147.68912
1489.72656,170.55002,537.65472,44.97422,340.55725,139.26778
1488.95020,170.86224,537.28827,42.50412,337.41870,139.37445
1492.17065,170.02835,538.62146,44.77801,335.69016,145.99422
1490.03796,169.53079,537.72101,45.05520,337.69031,143.07002
1489.64368,171.05461,537.37939,45.54809,336.60648,143.63605
1490.49573,169.94296,538.16046,44.46975,337.11636,143.42934
1488.92224,169.96667,538.03131,45.34725,338.62573,142.41559
1489.38440,169.06094,536.09528,43.66274,335.78653,141.87679
1490.03027,168.26845,537.58984,43.98121,337.93121,142.08775
1491.50354,168.71237,538.27985,46.30000,337.96445,145.30927
1491.16235,168.47784,539.45892,44.03204,337.20316,145.14024
1491.38220,170.00143,536.78094,44.61952,336.90906,142.24792
1489.51160,169.17670,536.29297,43.72730,337.05679,140.75706
1489.74402,168.41463,537.03693,45.77171,335.70502,145.73181
1491.15808,169.64038,538.34277,44.25598,336.11447,144.71222
1493.07788,169.42207,538.33258,45.97556,337.49823,145.35046
1490.80835,170.99048,535.84985,43.45345,337.45203,138.76770
1490.70508,170.73709,536.49854,45.15337,336.87100,142.12392
1490.50476,169.18115,537.49371,44.54405,337.50845,142.65674
1488.91821,170.61266,539.26746,44.51714,335.44446,146.14473
1488.62524,169.96321,538.77954,44.71010,338.36053,142.87228
1490.30347,169.97054,538.59259,45.19066,337.71259,144.03772
1489.49487,171.47748,539.06360,45.04196,338.49951,142.78494
1490.62744,169.60562,537.82422,46.54865,338.11768,144.36877
1490.66541,169.42722,538.68512,45.61374,338.00919,144.57137
1490.46777,171.49727,538.01721,45.56224,337.20563,143.61609
1489.73901,169.90680,538.39746,45.69361,338.29413,143.69135
1488.77820,170.87192,537.70923,44.95429,338.58429,141.21693
1489.81177,170.13095,537.72461,44.72364,339.33365,140.61931
1488.35742,169.89973,537.12286,46.16611,338.32867,142.53516
1491.80139,168.32910,539.35913,46.05064,336.88287,147.70934
1492.20337,169.15085,538.58435,44.26280,336.89923,144.47882
1491.09045,169.39900,537.88214,46.96503,337.96582,145.20351
1490.25134,170.51498,538.34668,45.11910,336.59976,144.62904
1490.70654,171.64162,537.94867,44.52506,337.87845,141.62593
1491.68201,171.23013,539.64539,43.84725,336.31342,144.88866
1491.54968,170.86748,538.61871,46.55458,338.27844,144.62894
1490.40967,169.91388,538.79547,46.04942,338.64371,144.22310
1489.59094,170.09239,538.76740,45.38475,337.40527,144.66531
1490.16016,171.44810,536.93567,45.20494,335.87527,143.40222
1490.12842,172.41362,536.96997,44.82533,337.94138,140.30205
1491.45313,169.88515,537.77545,44.80192,337.76349,142.74785
1487.88538,168.90538,537.96075,45.36300,338.43939,142.95367
1490.06616,170.08415,537.82281,45.05364,335.36240,145.48465
1489.80811,168.95427,538.49921,46.04447,336.97690,146.09869
1491.59399,170.16508,537.06104,42.81511,337.23083,140.21989
1489.56348,167.99892,538.65302,44.17459,338.21075,143.32260
1491.10559,168.92010,536.80328,46.00925,338.57043,142.44879
1489.76379,169.56808,537.59412,45.34394,336.69336,144.28462
1489.90564,169.74086,537.91003,44.84841,338.22894,142.36848
1492.37988,169.09277,539.14545,46.73805,337.08051,147.69545
1491.47363,170.54233,539.16028,44.92681,339.23325,142.60329
1490.88269,170.85748,537.80109,44.51719,337.00000,142.78925
1489.18530,170.40773,537.72247,45.43900,337.93399,142.72542
1492.69214,169.15030,538.30603,45.33659,335.55154,146.85631
1490.25500,170.74536,537.17200,44.87276,336.84683,142.59361
1490.58435,170.25215,538.08289,44.56018,338.30795,141.99892
1490.45032,169.95151,540.31213,45.86696,337.12286,147.46992
1488.60071,167.85776,537.51648,45.58270,337.54547,144.21193
1490.39600,170.39464,537.72186,46.03026,337.72299,143.72275
1488.27368,169.27596,538.58240,45.45791,338.30002,143.80222
1489.58875,170.28815,539.00330,44.36781,337.92203,143.18422
1490.17505,169.49319,537.34747,45.22929,335.87683,144.84152
1489.38416,169.00778,536.35968,45.88514,336.95215,143.36655
1490.41223,171.27254,537.00629,44.06628,337.27457,140.81969
1489.29822,170.81169,537.36115,44.85718,336.93079,142.58517
1489.19971,169.49258,536.85529,44.06544,337.65765,140.95331
1490.81946,169.25606,537.94714,44.36293,336.20108,144.41669
1491.02295,169.40755,536.17932,46.42923,337.86420,142.70979
1491.21838,170.87360,539.97748,45.89748,337.20139,146.66768
1489.72681,171.34351,537.98322,46.12267,336.72525,144.72102
1491.92004,171.61395,537.62335,44.29400,338.54825,140.39040
1491.65100,169.71558,538.03558,44.72326,336.36942,144.59444
1488.74194,169.41498,537.82751,45.72973,337.96262,143.55914
1490.44482,169.93155,539.26965,43.45296,336.64734,144.14413
1490.42004,169.61208,536.56775,45.51989,337.57590,142.33879
1490.47253,170.50194,536.74969,45.77780,338.24832,141.67775
1489.13342,170.79617,538.97986,46.22454,338.13553,144.65189
1490.82727,170.92586,537.44904,45.80167,335.11914,145.81699
1488.40491,169.93634,537.26447,46.22539,337.39084,143.78740
1488.81812,169.15633,537.28931,45.72934,337.37869,143.69646
1488.60925,173.66309,539.61108,45.01615,338.17773,142.64357
1491.71667,170.78987,538.87067,43.46967,338.12607,141.80856
1488.54724,168.89078,539.38440,44.75561,336.97537,145.63792
1489.84839,171.75090,537.35760,44.35589,337.07797,141.48297
1491.43396,169.31178,539.37201,46.17916,339.12180,144.89790
1490.61560,169.24811,539.73285,43.74320,338.58444,143.23868
1490.60327,170.19876,538.35144,43.85992,338.36569,141.52744
1489.46338,170.58441,539.00726,44.67442,337.57687,143.74510
1492.00696,170.87071,538.55347,46.50197,337.39447,145.51599
1492.25977,169.91550,537.02271,45.47445,337.43607,143.01234
1489.89319,169.96036,539.54700,44.36485,337.47726,144.48810
1490.70557,170.37389,537.92224,45.90116,337.80399,143.76878
1490.01074,169.54674,537.68518,46.47752,337.97604,144.25189
1490.62744,169.48888,538.27423,45.37152,337.34387,144.52214
1489.25830,170.53146,538.54919,46.04844,337.28397,145.02765
1489.62524,170.74500,536.97986,43.60860,337.31439,140.42703
1491.48438,169.45670,536.69714,44.70845,337.03595,142.37531
1488.10938,169.77664,538.27588,44.51735,336.94043,143.65720
1490.20007,168.90744,537.88623,45.51516,337.24570,144.56255
1488.82349,170.78911,537.54974,46.07687,336.55844,144.51736
1491.48914,172.02084,535.54517,45.32293,336.47455,141.07683
1490.02417,169.59605,538.19165,45.74999,337.03696,145.06697
1492.36719,170.86401,538.50323,45.23811,337.27982,144.23734
1489.77173,169.87283,538.05981,46.04251,338.99265,142.92337
1489.65649,170.72350,538.83826,46.47630,338.20688,144.76559
1490.08582,170.79289,538.07050,46.06678,337.56116,144.13455
1489.52002,168.87752,537.79291,44.82470,337.11707,143.78973
1491.35278,170.95239,537.93433,44.45622,337.53159,142.30023
1490.27661,170.93980,537.64362,45.56038,337.46188,143.13586
1490.33533,170.52855,537.88257,44.22832,337.33527,142.30951
1490.15442,169.91879,538.06250,44.17060,334.07053,146.29651
1490.06238,169.93672,539.61823,45.14670,337.26639,145.67845
1489.15454,170.13036,536.67926,44.92059,337.58914,141.43813
1489.44250,170.41388,538.88788,45.18980,337.34204,144.49884
1487.71692,170.55870,538.00854,45.45399,337.68753,143.13683
1490.47485,171.26865,538.24243,45.36999,338.91663,141.90509
1492.10510,170.43498,539.23694,45.12326,337.18912,145.25427
1490.31567,170.44934,538.18182,46.32052,338.21991,144.00038
1491.91980,171.51871,538.55774,45.60502,336.18317,145.55977
1489.22058,170.34608,537.54309,46.33927,336.70740,144.88164
1490.00500,171.54840,539.82312,43.80978,337.82574,143.10286
1491.88489,170.50327,537.15173,45.94123,336.62329,144.25812
1492.08813,170.24948,538.92456,45.69821,337.97305,144.73639
1489.44775,170.01880,537.59528,45.30567,337.29874,143.33604
1491.78516,168.94890,538.63025,45.16989,336.49008,146.02600
1488.34375,170.16383,536.58429,46.43502,337.42221,143.06657
1489.72083,170.79697,535.88220,46.61676,336.38956,143.41222
1491.68396,169.52094,539.00671,45.12801,338.18747,144.28210
1489.93164,170.52211,535.90149,45.21159,336.49606,141.92162
1489.75952,170.74251,540.14215,43.82307,337.28796,144.42976
1490.33179,168.98238,538.31281,45.21668,337.82767,144.07820
1489.53418,170.26486,537.72693,44.28528,335.31018,144.44576
1492.08313,169.22008,537.06287,44.43789,337.11786,142.59256
1490.43762,170.15054,537.14392,44.56480,337.26959,142.06238
1489.49402,170.51794,537.73822,44.62457,337.21606,142.62317
1488.92383,170.52989,536.70416,42.86067,338.45895,138.10202
1491.35022,168.13425,535.71613,45.20477,338.41071,140.86732
1491.23767,170.58420,537.34369,45.89549,336.10831,144.90314
1491.11316,171.34398,538.23773,45.07799,336.29269,144.48518
1490.74805,171.28671,539.24725,44.29038,335.58023,145.58615
1489.07788,169.09111,537.53583,45.60997,339.23337,141.87836
1490.58435,170.23636,538.54681,44.69100,337.74420,143.30948
1488.53418,170.59108,538.54193,44.28561,337.32278,142.96056
1490.43469,168.74393,536.49750,44.57868,338.21255,140.95282
1492.27454,171.00470,538.05573,46.06776,334.58282,147.53171
1490.51233,168.83984,537.56738,43.46042,337.37357,141.88173
1490.73376,169.90068,535.94482,45.30851,337.49536,141.35370
1487.54468,169.74553,539.45636,45.47142,337.35950,145.58292
1490.57104,169.37131,536.73248,44.33118,339.22995,139.57315
1489.99390,169.89970,538.57440,44.22070,336.74847,144.01976
1490.36218,167.97299,535.38641,44.50210,335.38217,143.01277
1489.61243,170.84071,535.83679,45.32776,337.30289,140.90387
1488.72595,170.99887,539.60089,44.18592,338.14890,143.02928
1490.10803,169.78140,538.43353,43.31681,337.53012,142.09528
1489.29309,170.55229,538.02368,45.27859,336.85513,144.03172
1490.72351,169.98375,539.06573,45.15756,337.45093,144.88023
1490.11609,169.37585,537.35144,45.06046,337.37595,143.06520
1491.23291,170.26852,538.73206,43.61235,337.31110,142.88069
1489.57349,169.19356,538.19562,46.30569,338.07135,144.68410
1489.02405,168.93175,537.97662,45.85713,336.93146,145.26299
1490.79871,168.58315,537.97107,48.35518,337.36337,147.87172
1490.39368,170.35728,539.01392,43.86408,338.78067,141.76863
1490.58264,170.25693,536.49585,44.18369,336.36868,141.82901
1489.93237,170.52296,537.68024,46.37527,337.92368,143.72354
1490.89575,171.58733,538.95715,43.58678,337.32007,142.45612
1489.84998,168.41664,539.27625,45.91614,337.45627,146.59805
1491.09924,171.06808,537.70148,44.99730,337.95663,142.06772
1488.99158,170.38857,537.48267,45.01950,338.69470,141.14803
1491.22693,170.38692,539.61823,46.16581,336.99506,146.99568
1489.88489,171.52779,537.11823,46.35752,338.96484,141.41136
1490.79907,170.28484,539.41296,47.22115,337.75439,147.07777
1489.36536,169.48979,538.08051,44.65071,337.39590,143.33113
1491.20142,169.01764,537.98578,45.91665,336.85532,145.59509
1489.33435,170.41632,537.45605,46.00049,338.95108,141.91338
1491.32666,170.07509,539.82489,44.08507,335.71490,146.51952
1489.02344,172.29073,539.21881,43.63100,336.95123,142.70285
1490.65723,170.10150,537.65051,43.99866,338.52667,140.72591
1489.98059,171.42230,538.03528,46.26068,336.83679,144.79845
1491.35925,170.65712,537.10651,44.31019,338.80063,139.92271
1490.85608,169.72516,537.36462,46.96449,336.50128,146.04414
1489.59570,170.22772,538.40192,44.86223,336.37695,144.72916
1487.72046,170.27267,537.55157,45.32193,334.30908,146.30438
1491.37488,170.02065,538.60803,43.67913,337.30048,142.94835
1491.71338,167.61699,537.48621,47.64346,336.56497,147.95151
1490.63843,169.65446,539.04425,44.77684,338.42014,143.52908
1488.78723,170.43007,539.04083,45.09810,337.31369,144.53902
1489.58215,168.54065,538.21863,44.52797,335.94781,145.41016
1490.80359,169.26797,538.59766,45.87539,336.73404,146.24712
1489.84314,170.50571,537.22388,45.55980,337.61478,142.63531
1490.64868,170.08554,537.51910,46.27385,338.44354,143.12486
1488.95166,170.36865,538.06030,45.04575,335.90939,144.91171
1492.32568,170.33618,537.01459,44.63980,336.12042,143.34157
1490.07776,169.18088,537.98633,44.64742,336.11658,144.82993
1490.17334,167.19818,536.60992,44.09726,338.98578,140.43597
1489.30664,170.52003,538.28906,46.32458,336.58624,145.80551
1489.83911,170.46458,537.10046,46.18686,336.65231,144.25629
1490.16980,171.90034,537.84143,44.63625,335.96393,143.53877
1488.90417,169.38635,537.48535,43.80634,336.61261,142.57274
1490.29126,171.02083,537.18744,42.79790,339.43481,137.45235
1489.92334,170.52930,538.63275,44.22572,336.43738,144.13022
1490.34802,171.89276,538.83948,45.72077,335.91458,145.98721
1491.17078,169.65916,539.20013,44.59942,337.74463,144.30722
1490.72754,170.55582,537.28528,45.74829,337.65961,142.92496
1489.48364,170.85001,538.68549,46.17120,337.57193,144.87697
1490.32019,170.05276,538.21442,45.74166,335.77563,146.29028
1491.85071,169.00385,537.30670,46.15300,338.50711,143.29997
1489.78186,171.07118,538.68652,45.89685,336.35895,145.84128
1488.69727,170.29274,540.63440,45.89452,338.11768,146.45126
1488.73657,169.56329,538.30219,44.94111,337.70575,143.47310
1490.20825,168.59880,537.14984,46.04938,337.75293,143.86719
1490.25378,169.34798,538.26630,43.80763,337.48471,142.69377
1491.06921,169.47093,539.12872,44.67229,338.81357,143.21466
1491.58691,170.86107,538.24866,44.25497,335.75214,144.46222
1491.97253,170.25317,536.22638,46.28064,336.75854,143.51486
1489.70093,170.85469,537.76416,46.15279,338.86395,142.36531
1491.10254,169.19917,536.30023,46.74508,337.80963,143.36560
1489.38293,170.74069,537.75427,46.05184,338.48621,142.68315
1491.20081,170.68892,539.56653,47.93260,336.42328,149.38512
1490.64905,169.09912,536.73712,44.46270,337.58258,141.64865
1490.69421,168.95163,536.57532,46.77013,337.68051,143.93901
1491.30383,168.14552,537.63049,46.07226,336.84286,145.78319
1491.05762,170.70015,536.28223,46.18697,337.12909,142.76701
1491.28308,169.21591,539.11877,46.10289,334.71445,149.42210
1487.99878,168.85173,538.25134,43.72097,339.28625,140.65314
1491.01526,169.44403,538.67322,44.00868,338.13174,142.71451
1491.18506,170.12399,538.50372,44.25546,338.28506,142.30983
1490.35925,169.26782,538.24133,44.98064,338.55212,142.81474
1490.35193,169.35786,537.64545,44.75694,338.05771,142.36829
1491.02356,171.24727,537.05023,44.45727,338.22437,140.32953
1490.27625,170.06425,537.51416,46.62257,337.91885,144.05328
1489.99194,171.03474,536.17395,44.28825,336.38150,141.12201
1493.41455,170.92061,536.78943,45.21001,338.28699,141.14627
1491.16431,168.31276,539.11700,44.43963,336.55170,145.96982
1490.08008,170.72046,538.84741,45.65664,337.65674,144.53177
1490.24463,170.84026,537.63000,44.53947,336.72870,142.85486
1489.52930,168.60248,538.55725,46.14154,337.78140,145.52339
1490.78308,168.93478,537.01202,44.30586,335.69394,143.95551
1489.27820,169.10262,536.14032,44.39595,337.18912,141.16982
1490.75989,168.27345,537.96344,43.98449,337.78546,142.75609
1490.94763,169.88098,536.74530,46.28360,336.49661,144.50003
1490.17212,170.62497,537.43506,45.95486,337.55112,143.36076
1488.13733,169.46111,537.64392,45.84772,336.91287,144.54613
1489.54529,169.17542,538.10779,44.04880,336.46194,143.89345
1491.17004,170.36877,537.05115,44.79312,338.31866,141.02058
1489.49890,170.09688,539.73669,44.73942,336.07559,146.54782
1491.01160,169.49164,537.82550,43.65362,336.33856,143.25795
1490.50330,171.14011,537.47784,44.50389,337.75302,141.40102
1492.00952,168.87291,539.11365,47.36653,338.12570,147.25392
1491.76233,170.27872,538.64722,45.02497,337.03653,144.65916
1489.70093,170.18549,537.92737,44.15257,337.28711,142.43413
1491.66553,168.20531,536.24408,44.56105,337.51062,141.77321
1488.77222,170.47929,538.87494,43.84824,338.09351,142.12029
1489.89868,170.38206,538.15930,44.56835,338.11212,142.18454
1490.56873,169.45877,538.71021,45.31323,336.03204,146.42267
1490.13794,168.89485,537.55286,43.90256,336.91760,142.77519
1487.84961,170.13272,538.91809,46.04474,336.95816,145.86679
1490.58252,170.07104,537.10986,46.25653,338.80798,142.22183
1491.07617,170.20483,537.89856,45.07871,337.29779,143.51645
1489.94946,169.69756,537.57227,43.40841,336.12381,142.72725
1490.62671,169.35135,535.01141,44.40145,337.21429,139.82387
1490.67700,168.58913,536.64935,45.64959,339.00824,141.51335
1489.50293,170.06403,539.65619,46.02074,338.42581,145.28592
1489.93335,169.35352,537.75323,44.84276,338.35281,142.22792
1489.05469,169.76996,539.50165,45.47673,337.68610,145.41980
1491.22437,169.24738,537.38019,46.89537,337.36023,145.29254
1489.76123,169.81416,536.18646,45.15515,337.68991,141.20821
1491.13245,170.96922,539.18665,45.24040,337.08359,145.09299
1490.40564,168.88554,537.46600,47.31255,338.34097,144.85345
1490.05005,170.41611,539.41840,44.31882,337.07779,144.52396
1490.56604,170.30487,536.07507,45.98764,338.41003,141.03258
1491.14624,171.01401,538.89093,45.61864,337.82071,144.32668
1489.41638,170.11064,538.10455,44.21217,336.01627,144.10060
1488.75879,169.46779,538.51416,46.82169,335.96857,147.74709
1490.77124,170.39275,538.35321,44.21027,338.21432,141.99457
1489.89856,170.59702,538.15863,46.74250,337.65952,144.94394
1490.15808,169.24950,538.98419,45.82199,337.19727,146.07756
1490.26880,170.50650,537.59583,42.29597,336.54672,140.74414
1491.31055,170.67372,538.61957,42.54031,338.02426,140.64473
1490.86694,168.49760,538.51526,44.49387,335.20056,146.68611
1489.26013,170.13509,538.75977,46.04262,337.54092,145.17249
1488.82874,171.73297,538.03076,44.42751,335.79529,143.66835
1490.82471,171.57397,539.17023,44.51412,336.25504,144.87428
1489.13281,170.90683,537.97278,44.37143,336.94690,142.70062
1491.29932,171.47845,537.12494,44.46130,336.57413,142.13960
1489.09302,169.39035,539.03510,46.44668,337.77820,146.00919
1491.52783,170.39845,537.26935,44.76693,336.51389,143.24437
1492.22498,169.33147,537.73035,46.36309,336.75061,145.85335
1489.17517,167.99118,536.95776,45.89404,339.01950,142.26775
1490.68701,169.98889,537.42035,44.05272,336.80914,142.43536
1488.71448,169.58736,539.57330,45.64732,337.31693,146.14726
1491.22742,169.13406,538.68750,45.01211,337.13589,145.07022
1490.90991,168.98958,537.00793,45.39383,338.09952,142.48814
1490.83130,168.56407,538.67322,45.30308,337.14969,145.58488
1490.93372,170.38466,536.93024,44.51799,337.39911,141.55397
1491.13171,171.02654,538.97455,46.56159,337.61871,145.67133
1490.13501,169.96407,538.11755,44.36518,339.95401,140.13611
1491.24353,170.60892,539.36218,44.01357,336.65042,144.61739
1489.22034,171.53130,538.05701,43.85226,337.17871,141.69934
1490.81372,171.05067,537.01978,45.67250,336.90137,143.13684
1491.02014,170.76361,539.03882,44.13958,337.86359,142.95767
1491.39209,169.89986,536.88391,43.49928,336.55734,141.58478
1490.32483,170.81561,537.45276,44.02255,338.42984,140.25391
1491.83105,168.77708,537.54651,46.41352,338.00058,144.53128
1487.69849,169.52417,537.32092,43.81894,336.96671,141.82817
1490.01782,169.55701,539.11761,44.22336,336.59290,144.99475
1490.88269,169.42030,536.93579,44.27279,336.52731,142.69823
1490.13708,167.33336,538.76697,45.18911,337.29852,145.91676
1490.53503,170.49461,538.75928,44.18703,336.71521,144.00970
1490.20935,169.04756,538.46503,45.26848,337.19556,144.96422
1490.08923,169.35033,537.67078,46.97268,338.16766,144.66460
1491.14355,168.51151,537.25543,44.41199,336.12204,144.12518
1490.27258,169.79085,539.61188,47.19876,337.93887,147.26158
1490.55469,170.33870,538.27582,44.35850,338.91632,141.30441
1489.50635,168.72406,537.55444,44.30194,339.21265,140.73495
1490.28577,169.77725,539.18787,45.22368,339.16293,143.27657
1492.29456,169.66669,539.19800,46.20312,337.19577,146.76265
1490.04968,167.84959,539.31134,43.11274,337.94070,143.36497
1490.45374,169.41724,536.87585,43.43551,338.44354,139.60417
1492.91748,169.17628,538.56696,43.61057,337.04919,143.64444
1489.25586,171.77161,536.80896,44.18392,336.65842,141.03810
1490.56238,168.45958,539.19391,46.54902,335.79993,149.08293
1490.21130,170.42114,536.62323,44.26927,337.30042,140.94345
1490.11938,170.53683,537.53571,44.23684,338.56265,140.55008
1488.47363,169.83310,537.50427,44.09164,337.00299,142.22769
1491.08862,169.19347,538.77954,46.75406,338.05554,146.02608
1491.89990,169.81789,539.14667,44.39500,336.82880,145.01883
1488.55054,170.17845,539.13464,46.06996,337.74701,145.32677
1489.59045,170.11890,537.08289,44.88543,336.93079,142.64343
1491.34680,171.18350,536.96204,44.28596,337.29276,141.11598
1489.22888,170.01053,538.02814,43.43465,337.38638,141.70828
1490.31812,170.46469,538.82898,45.27158,337.15311,144.78693
1490.58362,168.73228,537.64569,44.43779,338.50626,141.85335
1491.05408,169.29420,538.58966,46.23750,336.54373,146.85919
1491.33386,169.04912,536.95935,45.87676,338.93939,142.04417
1491.60413,169.84732,538.61890,44.83848,337.66806,143.91881
1490.45850,170.23682,538.75012,46.39915,337.88315,145.24200
1489.28711,170.70047,537.71375,45.17739,338.36572,141.83078
1490.44507,170.91531,538.32208,44.42912,336.59814,143.67838
1491.09558,170.09474,536.78571,44.79668,338.25043,140.90820
1490.32422,170.29251,537.16315,44.35829,337.91998,141.07455
1489.74646,169.49329,537.69562,45.93945,336.14481,145.69705
1490.32581,169.81525,538.50964,45.69416,336.61160,145.77527
1489.81226,170.57208,537.98285,43.60352,336.72098,142.34885
1491.49023,169.50731,537.55237,44.82064,337.37473,143.11241
1490.92188,169.85295,537.63019,45.20085,336.78003,144.05276
1490.98975,169.72958,536.95538,46.09447,338.15369,142.78508
1490.99866,170.86185,539.32428,45.30410,338.10046,144.24635
1492.82080,169.25925,537.47559,44.51529,337.05136,143.28857
1489.55469,168.72537,538.45764,42.88787,337.13229,142.53613
1490.76038,169.18385,539.24756,44.88291,337.03107,145.63405
1491.78577,168.67586,537.13074,45.58390,337.85312,143.34248
1488.17896,168.10043,539.00244,44.72831,338.17120,144.18976
1490.65149,171.23434,536.74634,44.11706,339.41824,138.27985
1490.08911,168.15425,537.53589,45.08391,338.15231,143.03229
1490.04749,169.59122,537.29669,45.42417,336.86496,143.84976
1489.88538,168.50125,538.52545,44.67860,335.87454,146.06404
1490.61169,171.56808,538.58527,44.73565,338.56589,141.88187
1489.34656,170.64136,539.01953,45.19417,336.51245,145.45261
1489.94031,169.67743,538.28076,44.13294,337.47519,142.88707
1490.50671,169.66850,537.38788,44.24689,338.50650,140.89471
1490.97253,170.41118,538.26978,45.80500,338.69043,143.10738
1489.62512,169.84567,537.97882,44.37079,336.71539,143.50742
1490.20081,169.22078,539.50116,46.12343,337.35614,146.85748
1490.11047,169.09616,537.60309,45.39232,338.26007,142.88470
1489.53772,170.62737,536.86554,44.93387,337.59756,141.46394
1491.69922,169.18512,538.67560,45.39259,337.61447,144.96739
1490.17212,169.57654,539.02435,46.57289,337.54504,146.41122
1491.38794,169.16098,538.58014,43.70485,336.74579,143.95166
1493.05347,168.67084,538.17285,45.42150,338.49289,143.81544
1490.02820,171.66023,537.59424,45.18315,337.43884,142.32721
1491.95862,170.85347,537.33026,44.50921,338.81970,140.34335
1491.35388,168.75313,537.18420,44.53292,336.16785,144.02948
1491.37537,170.16966,538.51685,44.35456,337.30502,143.49648
1490.66858,169.82289,537.94745,43.66848,338.38675,141.00671
1493.40869,169.40620,537.35388,45.01245,338.24817,142.36128
1489.56787,168.58855,537.41937,44.48389,338.59961,141.50632
1488.87280,170.18465,539.83978,43.53793,339.51447,141.53706
1491.33472,170.25214,538.03235,45.43574,336.60504,144.82852
1489.39331,172.48613,537.58234,44.71100,336.28912,142.60585
1488.70862,170.19035,540.41302,45.33164,338.63153,145.06764
1490.63330,170.85739,537.90729,44.85730,336.50409,143.80440
1491.75049,170.46822,539.07764,45.97970,336.56241,146.64569
1490.99280,168.90355,540.04053,44.94115,337.85477,145.88103
1491.44482,169.92415,536.37781,43.31282,336.45996,140.88370
1490.60486,168.77393,538.51288,43.70439,336.57642,144.16249
1490.98950,171.09013,536.20618,45.21890,338.53503,139.88385
1491.14087,169.23392,537.75635,44.14928,337.29813,142.80392
1489.90540,169.31796,537.28101,44.20849,337.53180,141.89583
1490.05981,169.46617,538.46680,44.90204,337.60815,143.90442
1491.03845,171.03281,538.39105,43.85921,337.25015,142.43237
1488.80103,169.49510,538.73694,46.01496,337.08737,145.87112
1488.27063,169.79607,538.54761,46.38602,337.08105,145.86916
1489.78870,170.29019,538.15686,43.77703,337.50760,142.01874
1489.55334,171.76427,539.19305,44.52344,336.29205,144.65797
1492.72388,169.29297,538.56073,43.47388,338.22116,142.14520
1490.63074,170.86569,538.70795,45.06346,335.91052,145.62323
1488.67700,169.03571,537.87811,44.28103,336.43994,143.88190
1491.37549,171.33818,538.25763,43.25781,339.16278,139.44798
1489.92639,170.82011,537.82953,44.38692,336.98886,142.61955
1490.47412,170.98073,538.89252,45.69749,337.25464,144.98784
1491.43579,171.47258,538.28796,44.41555,337.60855,142.35245
1492.09070,169.98816,538.13245,45.77741,336.27853,145.88109
1490.46985,170.38580,540.59125,44.32568,336.17935,146.94711
1491.32068,170.16576,538.61554,43.40477,338.22015,141.59248
1491.18005,168.12836,537.41852,45.56935,336.96469,144.84348
1489.41138,170.07570,539.00653,44.36800,336.13159,145.22285
1491.31677,170.51834,538.18481,44.08709,338.16559,141.70900
1490.21448,169.33444,536.89484,43.91110,337.77469,140.87752
1490.72937,168.96292,537.09192,45.16410,337.08951,143.44060
1490.78247,169.98462,538.66516,45.11792,337.83865,143.94580
1490.27087,171.55470,537.82129,44.79070,336.40750,143.37123
1490.51086,170.49197,536.71039,45.18723,337.42029,141.90674
1490.80994,170.00052,538.48047,44.27320,337.36533,143.32497
1489.96985,172.75082,537.93555,46.89740,336.41229,145.22545
1491.76575,170.85785,538.36133,44.44039,337.70313,142.68462
1489.75623,169.03761,538.68323,45.55857,337.16415,145.53236
1490.25916,169.44168,537.72357,46.51171,338.89725,143.39078
1490.37402,170.26700,537.12274,44.92168,336.71423,142.97220
1489.92529,169.20920,537.75677,44.54469,338.50101,141.81702
1490.39734,169.57919,538.40045,44.95686,338.95688,142.39178
1489.90234,171.11923,538.63739,44.93802,336.97052,144.04924
1490.80762,170.10936,539.12866,44.71247,337.62744,144.22704
1490.73364,170.38977,537.98553,44.11185,336.69193,143.10928
1489.75708,169.65675,536.99298,47.21340,337.02115,145.22731
1490.71021,168.92479,537.46289,44.67729,337.73740,142.65559
1489.00793,170.91830,537.41290,45.51022,339.18002,140.81453
1491.54358,170.60265,537.67731,43.92907,337.37863,141.77634
1489.61230,169.51117,539.73486,45.37765,338.35547,145.02806
1491.55371,170.29366,537.84924,46.42986,338.54413,143.56195
1488.92725,169.34959,537.64954,45.06438,338.44180,142.15346
1488.62708,170.37433,537.14325,44.28590,337.83688,140.86406
1490.21545,170.70151,537.70532,44.52712,337.26059,142.41226
1490.85571,169.08212,537.95593,45.04308,337.00659,144.37312
1490.04272,169.79926,538.42303,44.51578,337.52704,143.36461
1491.07031,170.90363,535.09338,42.81656,337.48187,137.22014
1489.82642,168.31488,538.74664,44.02079,338.08612,143.27957
1491.49646,169.40541,537.29883,45.49121,337.61240,143.33122
1491.54224,168.72693,536.84009,46.36818,335.92859,145.94110
1490.00708,170.89645,536.47375,44.96154,337.97763,140.53185
1491.12195,169.58710,538.56549,44.04964,338.21069,142.48886
1489.78149,171.58176,535.64606,43.18676,335.41074,140.07166
1490.67114,171.00679,535.79431,46.27753,338.83652,140.22041
1492.51294,168.79773,537.69983,43.29180,338.53214,140.81314
1489.14856,169.26733,538.54327,44.11618,336.55887,144.29161
1489.80823,169.26193,535.39435,46.09982,338.06613,141.15393
1491.28552,170.19904,537.95837,47.15921,337.63007,145.52124
1490.16516,169.97472,538.44611,45.61309,336.29181,145.87318
1490.92981,170.16222,537.97394,46.67244,336.94266,145.74983
1489.75891,168.73833,537.67902,44.06651,337.23163,142.79713
1490.73767,169.00215,538.47296,42.81083,336.46994,143.16937
1490.35938,169.08777,536.92126,45.57039,337.29352,143.36407
1491.10266,170.30376,538.74536,44.94224,338.04337,143.50670
1489.17090,170.66959,538.82880,44.69616,336.29980,144.88588
1492.31567,171.26891,537.64783,44.33965,336.60809,142.78542
1489.63721,170.28233,536.06067,46.16994,337.97058,141.62054
1491.72083,170.82228,537.91937,44.78098,337.00742,143.30511
1489.52893,169.06647,537.41089,45.46979,337.28909,143.76596
1491.38062,170.33409,538.87756,46.70949,338.12250,145.51091
1490.45166,170.64056,539.12561,44.53823,335.90353,145.63513
1491.06982,170.46872,538.17206,46.32222,336.62335,145.82051
1490.95166,169.82774,537.54205,45.82468,335.96054,145.55278
1490.62109,170.14758,539.24908,46.76557,338.12857,146.01663
1490.04028,168.60364,538.69409,45.06888,336.61252,145.84735
1487.85828,169.18941,537.94147,44.41235,334.70477,145.84454
1489.58081,169.32745,538.67096,45.72878,337.26233,145.44266
1492.13489,170.03821,537.27979,45.49123,338.84280,141.71919
1491.53491,168.19659,538.44800,45.65123,340.27304,142.51364
1490.33801,168.72168,537.59009,44.11456,335.67661,144.50330
1491.53064,169.46516,536.90668,44.85780,336.92191,142.91075
1489.25439,170.41579,537.32489,45.93294,335.58771,145.38495
1491.70447,170.08090,538.63141,46.98698,337.78766,146.04718
1489.59851,170.35391,538.02185,43.11002,335.73288,143.01352
1490.29175,169.33430,537.52502,44.47760,338.47504,141.47601
1489.93201,169.03632,538.10870,46.18947,338.04813,144.58963
1489.96130,169.61127,537.94025,45.31334,336.16196,145.24207
1489.76050,170.09038,535.86267,44.43045,336.26456,141.46448
1490.36450,168.35043,539.07928,44.16029,335.89423,146.24287
1489.79663,169.04787,537.26648,45.55713,336.98300,144.06247
1489.03638,170.45326,536.96808,46.05439,336.13397,144.45483
1489.66406,169.40126,540.67310,44.48856,336.77582,146.94846
1490.03162,169.57802,537.06653,44.09486,335.74490,143.35599
1489.89600,169.22169,539.93408,46.66357,336.86359,148.47400
1489.89148,169.31358,538.65338,45.85571,336.40900,146.53889
1492.08728,171.01608,536.81427,45.40294,336.89417,142.74461
1490.29822,168.51653,538.57135,46.15442,337.27365,146.23006
1489.68726,170.30194,537.90088,45.66374,337.27188,144.00587
1490.82092,169.73285,538.21954,44.08279,336.42932,143.95819
1491.34070,169.60378,537.75360,44.08780,336.30179,143.66455
1491.53186,170.03343,536.87048,45.60325,337.13321,143.18080
1489.27112,170.37383,537.41174,44.56458,337.11591,142.32899
1488.86609,169.84341,537.72131,46.11520,337.84839,143.78922
1490.33765,169.73726,538.97705,45.80449,335.96173,147.20230
1490.07190,169.34587,536.52875,44.40892,339.06406,139.56133
1487.91272,168.85556,535.95996,45.84612,336.24496,143.56310
1489.30322,169.90663,538.77063,47.56484,337.33759,147.19466
1490.59021,170.38570,537.56036,46.68194,336.84933,145.23708
1492.31787,170.02231,538.01208,45.63274,336.77182,145.04106
1490.17371,167.56500,537.93683,43.77625,338.60617,141.88901
1489.13794,171.83086,536.72601,43.15596,336.08438,140.40851
1492.66589,169.74040,539.26245,45.41732,338.08188,145.00494
1489.60461,170.13496,539.60382,44.39648,337.72272,144.21208
1489.77380,170.56703,538.98004,46.32895,336.91953,146.27939
1490.43542,169.60036,539.87286,44.07544,336.85782,145.45352
1491.23938,172.78345,539.79327,45.17166,337.95581,143.93611
1492.05737,168.69383,538.16803,44.47502,336.64569,144.69794
1489.55566,168.64403,539.10162,45.10455,338.83774,143.86302
1491.80200,169.09132,537.78027,44.74140,337.69064,143.17599
1489.01770,169.64284,538.35925,44.61373,338.31036,142.51695
1490.85547,168.98488,537.02924,44.61606,337.07904,142.78297
1490.45667,171.20801,538.98016,44.17682,338.12704,142.37929
1491.35986,168.42172,538.30225,46.50098,336.35968,147.45706
1489.07349,169.90051,538.65027,45.10051,337.79868,143.82765
1489.53333,168.39377,537.11920,44.24560,340.17667,139.27753
1489.81091,171.94563,537.87122,44.65225,338.56595,140.69368
1488.13354,169.38493,536.84290,46.59159,337.16653,144.17473
1489.83997,169.60384,539.83075,45.07729,337.44711,145.78865
1491.35620,170.17290,539.49329,44.85201,338.00485,144.41841
1491.19434,169.15935,538.52777,44.93435,338.82703,142.93297
1489.50049,170.59030,537.28400,44.84692,336.93927,142.59778
1490.25427,171.10120,539.73950,44.48996,337.40848,144.42583
1493.37598,169.98146,536.90863,45.63462,337.62418,142.92079
1490.94006,168.55174,537.80463,45.68108,337.26855,144.86221
1491.09973,170.67146,539.01917,45.25099,336.42499,145.76775
1489.83105,169.76616,538.28894,46.27699,338.62576,143.90691
1490.18481,167.32248,536.63995,46.02654,337.24142,144.40820
1490.55457,170.13239,539.13147,44.28281,337.73013,143.61836
1488.64844,169.91246,539.85040,45.93911,337.10886,146.86214
1489.84546,171.63402,537.04602,42.87591,338.35321,138.19769
1489.68787,170.20795,537.05835,44.07642,338.60727,139.88130
1491.46875,169.10745,537.19476,44.49132,337.13861,142.77812
1490.33435,170.28459,540.14978,45.47577,337.62308,146.13441
